{
	"partitions" : [
		{
			"name" : "Top",
			"pins" : [
				{
					"name" : "sdram_cas_n",
					"strict" : false
				},
				{
					"name" : "sdram_cs_n",
					"strict" : false
				},
				{
					"name" : "sdram_ras_n",
					"strict" : false
				},
				{
					"name" : "sdram_we_n",
					"strict" : false
				},
				{
					"name" : "sdram_addr[12]",
					"strict" : false
				},
				{
					"name" : "sdram_addr[11]",
					"strict" : false
				},
				{
					"name" : "sdram_addr[10]",
					"strict" : false
				},
				{
					"name" : "sdram_addr[9]",
					"strict" : false
				},
				{
					"name" : "sdram_addr[8]",
					"strict" : false
				},
				{
					"name" : "sdram_addr[7]",
					"strict" : false
				},
				{
					"name" : "sdram_addr[6]",
					"strict" : false
				},
				{
					"name" : "sdram_addr[5]",
					"strict" : false
				},
				{
					"name" : "sdram_addr[4]",
					"strict" : false
				},
				{
					"name" : "sdram_addr[3]",
					"strict" : false
				},
				{
					"name" : "sdram_addr[2]",
					"strict" : false
				},
				{
					"name" : "sdram_addr[1]",
					"strict" : false
				},
				{
					"name" : "sdram_addr[0]",
					"strict" : false
				},
				{
					"name" : "sdram_ba[1]",
					"strict" : false
				},
				{
					"name" : "sdram_ba[0]",
					"strict" : false
				},
				{
					"name" : "sdram_dqm[1]",
					"strict" : false
				},
				{
					"name" : "sdram_dqm[0]",
					"strict" : false
				},
				{
					"name" : "sdram_dq[15]",
					"strict" : false
				},
				{
					"name" : "sdram_dq[14]",
					"strict" : false
				},
				{
					"name" : "sdram_dq[13]",
					"strict" : false
				},
				{
					"name" : "sdram_dq[12]",
					"strict" : false
				},
				{
					"name" : "sdram_dq[11]",
					"strict" : false
				},
				{
					"name" : "sdram_dq[10]",
					"strict" : false
				},
				{
					"name" : "sdram_dq[9]",
					"strict" : false
				},
				{
					"name" : "sdram_dq[8]",
					"strict" : false
				},
				{
					"name" : "sdram_dq[7]",
					"strict" : false
				},
				{
					"name" : "sdram_dq[6]",
					"strict" : false
				},
				{
					"name" : "sdram_dq[5]",
					"strict" : false
				},
				{
					"name" : "sdram_dq[4]",
					"strict" : false
				},
				{
					"name" : "sdram_dq[3]",
					"strict" : false
				},
				{
					"name" : "sdram_dq[2]",
					"strict" : false
				},
				{
					"name" : "sdram_dq[1]",
					"strict" : false
				},
				{
					"name" : "sdram_dq[0]",
					"strict" : false
				},
				{
					"name" : "reset_n",
					"strict" : false
				}
			]
		}
	]
}