<?xml version="1.0" encoding="UTF-8"?>
<GenRun Id="impl_1" LaunchPart="xc7z020clg400-1" LaunchTime="1674572319">
  <File Type="ROUTE-PWR" Name="project_power_routed.rpt"/>
  <File Type="PA-TCL" Name="project.tcl"/>
  <File Type="ROUTE-PWR-SUM" Name="project_power_summary_routed.pb"/>
  <File Type="REPORTS-TCL" Name="project_reports.tcl"/>
  <File Type="BITSTR-MSK" Name="project.msk"/>
  <File Type="ROUTE-CLK" Name="project_clock_utilization_routed.rpt"/>
  <File Type="RDI-RDI" Name="project.vdi"/>
  <File Type="BG-BIT" Name="project.bit"/>
  <File Type="BG-DRC" Name="project.drc"/>
  <File Type="BG-BGN" Name="project.bgn"/>
  <File Type="BG-BIN" Name="project.bin"/>
  <File Type="BITSTR-RBT" Name="project.rbt"/>
  <File Type="BITSTR-NKY" Name="project.nky"/>
  <File Type="BITSTR-BMM" Name="project_bd.bmm"/>
  <File Type="BITSTR-MMI" Name="project.mmi"/>
  <File Type="ROUTE-METHODOLOGY-DRC" Name="project_methodology_drc_routed.rpt"/>
  <File Type="BITSTR-SYSDEF" Name="project.sysdef"/>
  <File Type="BITSTR-LTX" Name="debug_nets.ltx"/>
  <File Type="BITSTR-LTX" Name="project.ltx"/>
  <File Type="WBT-USG" Name="usage_statistics_webtalk.html"/>
  <File Type="OPT-DRC" Name="project_drc_opted.rpt"/>
  <File Type="OPT-HWDEF" Name="project.hwdef"/>
  <File Type="PLACE-IO" Name="project_io_placed.rpt"/>
  <File Type="PLACE-UTIL" Name="project_utilization_placed.rpt"/>
  <File Type="PLACE-UTIL-PB" Name="project_utilization_placed.pb"/>
  <File Type="PLACE-CTRL" Name="project_control_sets_placed.rpt"/>
  <File Type="PLACE-PRE-SIMILARITY" Name="project_incremental_reuse_pre_placed.rpt"/>
  <File Type="ROUTE-DRC" Name="project_drc_routed.rpt"/>
  <File Type="ROUTE-DRC-PB" Name="project_drc_routed.pb"/>
  <File Type="ROUTE-PWR-RPX" Name="project_power_routed.rpx"/>
  <File Type="ROUTE-STATUS" Name="project_route_status.rpt"/>
  <File Type="ROUTE-STATUS-PB" Name="project_route_status.pb"/>
  <File Type="ROUTE-DCP" Name="project_routed.dcp"/>
  <File Type="ROUTE-ERROR-DCP" Name="project_routed_error.dcp"/>
  <File Type="ROUTE-BLACKBOX-DCP" Name="project_routed_bb.dcp"/>
  <File Type="ROUTE-TIMINGSUMMARY" Name="project_timing_summary_routed.rpt"/>
  <File Type="ROUTE-TIMING-PB" Name="project_timing_summary_routed.pb"/>
  <File Type="ROUTE-TIMING-RPX" Name="project_timing_summary_routed.rpx"/>
  <File Type="ROUTE-BUS-SKEW" Name="project_bus_skew_routed.rpt"/>
  <File Type="ROUTE-BUS-SKEW-PB" Name="project_bus_skew_routed.pb"/>
  <File Type="ROUTE-BUS-SKEW-RPX" Name="project_bus_skew_routed.rpx"/>
  <File Type="OPT-DCP" Name="project_opt.dcp"/>
  <File Type="PLACE-DCP" Name="project_placed.dcp"/>
  <File Type="PWROPT-DCP" Name="project_pwropt.dcp"/>
  <File Type="POSTPLACE-PWROPT-DCP" Name="project_postplace_pwropt.dcp"/>
  <File Type="PHYSOPT-DCP" Name="project_physopt.dcp"/>
  <File Type="POSTROUTE-PHYSOPT-DCP" Name="project_postroute_physopt.dcp"/>
  <File Type="POSTROUTE-PHYSOPT-BLACKBOX-DCP" Name="project_postroute_physopt_bb.dcp"/>
  <File Type="ROUTE-METHODOLOGY-DRC-PB" Name="project_methodology_drc_routed.pb"/>
  <File Type="ROUTE-DRC-RPX" Name="project_drc_routed.rpx"/>
  <File Type="ROUTE-METHODOLOGY-DRC-RPX" Name="project_methodology_drc_routed.rpx"/>
  <File Type="PDI-FILE" Name="project.pdi"/>
  <File Type="RCFI_FILE" Name="project.rcfi"/>
  <File Type="CFI_FILE" Name="project.cfi"/>
  <File Type="RNPI_FILE" Name="project.rnpi"/>
  <File Type="NPI_FILE" Name="project.npi"/>
  <File Type="RBD_FILE" Name="project.rbd"/>
  <FileSet Name="sources" Type="DesignSrcs" RelSrcDir="$PSRCDIR/sources_1" RelGenDir="$PGENDIR/sources_1">
    <Filter Type="Srcs"/>
    <File Path="$PPRDIR/../RAM_definitions_PK.vhd">
      <FileInfo>
        <Attr Name="UsedIn" Val="synthesis"/>
        <Attr Name="UsedIn" Val="simulation"/>
      </FileInfo>
    </File>
    <File Path="$PPRDIR/../address_incrementer.vhd">
      <FileInfo>
        <Attr Name="UsedIn" Val="synthesis"/>
        <Attr Name="UsedIn" Val="simulation"/>
      </FileInfo>
    </File>
    <File Path="$PPRDIR/../control_unit_project.vhd">
      <FileInfo>
        <Attr Name="UsedIn" Val="synthesis"/>
        <Attr Name="UsedIn" Val="simulation"/>
      </FileInfo>
    </File>
    <File Path="$PPRDIR/../debouncer_2.vhd">
      <FileInfo>
        <Attr Name="UsedIn" Val="synthesis"/>
        <Attr Name="UsedIn" Val="simulation"/>
      </FileInfo>
    </File>
    <File Path="$PPRDIR/../fifo_system.vhd">
      <FileInfo>
        <Attr Name="UsedIn" Val="synthesis"/>
        <Attr Name="UsedIn" Val="simulation"/>
      </FileInfo>
    </File>
    <File Path="$PPRDIR/../im_ram.vhd">
      <FileInfo>
        <Attr Name="UsedIn" Val="synthesis"/>
        <Attr Name="UsedIn" Val="simulation"/>
      </FileInfo>
    </File>
    <File Path="$PPRDIR/../medijana.vhd">
      <FileInfo>
        <Attr Name="UsedIn" Val="synthesis"/>
        <Attr Name="UsedIn" Val="simulation"/>
      </FileInfo>
    </File>
    <File Path="$PPRDIR/../storage.vhd">
      <FileInfo>
        <Attr Name="UsedIn" Val="synthesis"/>
        <Attr Name="UsedIn" Val="simulation"/>
      </FileInfo>
    </File>
    <File Path="$PPRDIR/../uart_tx.vhd">
      <FileInfo>
        <Attr Name="UsedIn" Val="synthesis"/>
        <Attr Name="UsedIn" Val="simulation"/>
      </FileInfo>
    </File>
    <File Path="$PPRDIR/../write_address_corection.vhd">
      <FileInfo>
        <Attr Name="UsedIn" Val="synthesis"/>
        <Attr Name="UsedIn" Val="simulation"/>
      </FileInfo>
    </File>
    <File Path="$PPRDIR/../project.vhd">
      <FileInfo>
        <Attr Name="UsedIn" Val="synthesis"/>
        <Attr Name="UsedIn" Val="simulation"/>
      </FileInfo>
    </File>
    <Config>
      <Option Name="DesignMode" Val="RTL"/>
      <Option Name="TopModule" Val="project"/>
      <Option Name="TopAutoSet" Val="TRUE"/>
    </Config>
  </FileSet>
  <FileSet Name="constrs_in" Type="Constrs" RelSrcDir="$PSRCDIR/constrs_1">
    <Filter Type="Constrs"/>
    <File Path="$PPRDIR/../pin_constraints_arty.xdc">
      <FileInfo>
        <Attr Name="UsedIn" Val="synthesis"/>
        <Attr Name="UsedIn" Val="implementation"/>
      </FileInfo>
    </File>
    <Config>
      <Option Name="ConstrsType" Val="XDC"/>
    </Config>
  </FileSet>
  <FileSet Name="utils" Type="Utils" RelSrcDir="$PSRCDIR/utils_1">
    <Filter Type="Utils"/>
    <Config>
      <Option Name="TopAutoSet" Val="TRUE"/>
    </Config>
  </FileSet>
  <Strategy Version="1" Minor="2">
    <StratHandle Name="Vivado Implementation Defaults" Flow="Vivado Implementation 2021"/>
    <Step Id="init_design"/>
    <Step Id="opt_design"/>
    <Step Id="power_opt_design"/>
    <Step Id="place_design"/>
    <Step Id="post_place_power_opt_design"/>
    <Step Id="phys_opt_design"/>
    <Step Id="route_design"/>
    <Step Id="post_route_phys_opt_design"/>
    <Step Id="write_bitstream"/>
    <Step Id="write_device_image"/>
  </Strategy>
  <BlockFileSet Type="BlockSrcs" Name="new_clk"/>
</GenRun>
