<?xml version="1.0" encoding="UTF-8"?>
<GenRun Id="new_clk_synth_1" LaunchPart="xc7z020clg400-1" LaunchTime="1674571945">
  <File Type="PA-TCL" Name="new_clk.tcl"/>
  <File Type="REPORTS-TCL" Name="new_clk_reports.tcl"/>
  <File Type="RDS-RDS" Name="new_clk.vds"/>
  <File Type="RDS-UTIL" Name="new_clk_utilization_synth.rpt"/>
  <File Type="RDS-UTIL-PB" Name="new_clk_utilization_synth.pb"/>
  <File Type="RDS-DCP" Name="new_clk.dcp"/>
  <FileSet Name="sources" Type="BlockSrcs" RelSrcDir="$PSRCDIR/new_clk">
    <File Path="$PSRCDIR/sources_1/ip/new_clk/new_clk.xci">
      <FileInfo>
        <Attr Name="UsedIn" Val="synthesis"/>
        <Attr Name="UsedIn" Val="implementation"/>
        <Attr Name="UsedIn" Val="simulation"/>
      </FileInfo>
    </File>
    <Config>
      <Option Name="TopModule" Val="new_clk"/>
      <Option Name="UseBlackboxStub" Val="1"/>
    </Config>
  </FileSet>
  <FileSet Name="constrs_in" Type="BlockSrcs" RelSrcDir="$PSRCDIR/new_clk">
    <File Path="$PSRCDIR/sources_1/ip/new_clk/new_clk.xci">
      <FileInfo>
        <Attr Name="UsedIn" Val="synthesis"/>
        <Attr Name="UsedIn" Val="implementation"/>
        <Attr Name="UsedIn" Val="simulation"/>
      </FileInfo>
    </File>
    <Config>
      <Option Name="TopModule" Val="new_clk"/>
      <Option Name="UseBlackboxStub" Val="1"/>
    </Config>
  </FileSet>
  <FileSet Name="utils" Type="Utils" RelSrcDir="$PSRCDIR/utils_1">
    <Filter Type="Utils"/>
    <Config>
      <Option Name="TopAutoSet" Val="TRUE"/>
    </Config>
  </FileSet>
  <Strategy Version="1" Minor="2">
    <StratHandle Name="Vivado Synthesis Defaults" Flow="Vivado Synthesis 2021"/>
    <Step Id="synth_design"/>
  </Strategy>
</GenRun>
